"GEO_ID","state","Amount","year"
"01003","Alabama",255549.542222222,2009
"01097","Alabama",35534.1112,2009
"25001","Massachusetts",12772.4329411765,2010
"25005","Massachusetts",15924.746,2010
"25007","Massachusetts",7432.34,2010
"25009","Massachusetts",5510.23,2010
"25017","Massachusetts",12758.55,2010
"25019","Massachusetts",4656.82,2010
"25021","Massachusetts",10623.4675,2010
"25023","Massachusetts",7247.33533333333,2010
"25025","Massachusetts",5413.83,2010
"37013","North Carolina",8230.4,2010
"37019","North Carolina",2950.47,2010
"37031","North Carolina",8339.97666666667,2010
"37049","North Carolina",11670.99,2010
"37053","North Carolina",17909.06,2010
"37055","North Carolina",10110.755,2010
"37095","North Carolina",9296.54,2010
"37133","North Carolina",6425.175,2010
"37137","North Carolina",7215.2,2010
"37143","North Carolina",9937.5,2010
"37177","North Carolina",1377.7,2010
"37187","North Carolina",5033.61,2010
"48057","Texas",251112.77,2010
"48061","Texas",13323.1653543307,2010
"48101","Texas",4773.18933333333,2010
"48115","Texas",8139.93815384615,2010
"48153","Texas",11951.1021428571,2010
"48155","Texas",6691.757,2010
"48169","Texas",4467.3015,2010
"48215","Texas",30274.76575,2010
"48247","Texas",5419.95764705882,2010
"48249","Texas",4199.6525,2010
"48279","Texas",17865.6331578947,2010
"48303","Texas",15086.9314634146,2010
"48305","Texas",6361.28255319149,2010
"48323","Texas",14732.6015,2010
"48345","Texas",1905.46,2010
"48427","Texas",11627.5360465116,2010
"48445","Texas",10899.12,2010
"48479","Texas",23109.8357352941,2010
"48489","Texas",4529.47135416667,2010
"48505","Texas",13739.4725,2010
"09001","Connecticut",44626.5740248963,2011
"09003","Connecticut",23038.3164492754,2011
"09005","Connecticut",10408.0291780822,2011
"09007","Connecticut",32513.7646938776,2011
"09009","Connecticut",47519.3091814947,2011
"09011","Connecticut",25975.2802884615,2011
"09013","Connecticut",10983.1159259259,2011
"09015","Connecticut",9290.90208955224,2011
"10001","Delaware",6821.14346938776,2011
"10003","Delaware",9620.598125,2011
"10005","Delaware",6977.70609756098,2011
"11001","District of Columbia",39155.8866666667,2011
"23007","Maine",9325.38888888889,2011
"23015","Maine",2095.65823529412,2011
"23017","Maine",12644.88,2011
"23031","Maine",6001.98553571429,2011
"24003","Maryland",37480.0524,2011
"24005","Maryland",28306.2015,2011
"24009","Maryland",34256.7067272727,2011
"24011","Maryland",7699.91821428571,2011
"24013","Maryland",14717.8108333333,2011
"24015","Maryland",8508.24566666667,2011
"24017","Maryland",17498.456,2011
"24019","Maryland",10203.6595652174,2011
"24021","Maryland",12964.85,2011
"24025","Maryland",17420.2628571429,2011
"24027","Maryland",40347.75625,2011
"24029","Maryland",7544.77740740741,2011
"24031","Maryland",61081.5628571429,2011
"24033","Maryland",22963.1417647059,2011
"24035","Maryland",8623.04714285714,2011
"24037","Maryland",44299.1790163934,2011
"24039","Maryland",6723.77307692308,2011
"24041","Maryland",3877.97676470588,2011
"24045","Maryland",11077.6857142857,2011
"24047","Maryland",10341.1759375,2011
"24510","Maryland",30419.9860784314,2011
"25001","Massachusetts",19736.675,2011
"25003","Massachusetts",30128.173537415,2011
"25005","Massachusetts",33073.0490163934,2011
"25007","Massachusetts",8208.21,2011
"25009","Massachusetts",11010.3373529412,2011
"25011","Massachusetts",35924.5370877193,2011
"25013","Massachusetts",27248.3313636364,2011
"25015","Massachusetts",11606.5722368421,2011
"25017","Massachusetts",22169.0647887324,2011
"25019","Massachusetts",7033.91,2011
"25021","Massachusetts",23836.1840659341,2011
"25023","Massachusetts",20955.4583838384,2011
"25025","Massachusetts",123576.83,2011
"25027","Massachusetts",11821.0151515152,2011
"33001","New Hampshire",8155.97909090909,2011
"33003","New Hampshire",34826.0167213115,2011
"33005","New Hampshire",2776.335,2011
"33007","New Hampshire",35808.1039285714,2011
"33009","New Hampshire",51498.9653023256,2011
"33011","New Hampshire",7172.29833333333,2011
"33013","New Hampshire",7565.16470588235,2011
"33015","New Hampshire",7470.53818181818,2011
"33017","New Hampshire",7989.4246875,2011
"33019","New Hampshire",8983.67582089552,2011
"34001","New Jersey",17178.8567272727,2011
"34003","New Jersey",17611.3491041667,2011
"34005","New Jersey",20943.6180540541,2011
"34007","New Jersey",7300.19225806452,2011
"34009","New Jersey",13294.0552808989,2011
"34011","New Jersey",13741.6734210526,2011
"34013","New Jersey",26782.9968444444,2011
"34015","New Jersey",25506.4119607843,2011
"34017","New Jersey",18656.4371666667,2011
"34019","New Jersey",11965.7843956044,2011
"34021","New Jersey",32881.0247972973,2011
"34023","New Jersey",30018.4713256484,2011
"34025","New Jersey",20067.0201072961,2011
"34027","New Jersey",43269.3745508982,2011
"34029","New Jersey",12901.4795767196,2011
"34031","New Jersey",35169.0097233202,2011
"34033","New Jersey",26500.7803,2011
"34035","New Jersey",19875.4088054607,2011
"34037","New Jersey",16401.3685849057,2011
"34039","New Jersey",27706.6921724138,2011
"34041","New Jersey",9698.68263888889,2011
"36001","New York",18138.5241970021,2011
"36005","New York",16262.4665384615,2011
"36019","New York",32562.1607563025,2011
"36021","New York",11211.5053846154,2011
"36025","New York",37710.4101593626,2011
"36027","New York",13010.5121052632,2011
"36031","New York",73978.367627907,2011
"36033","New York",25245.933125,2011
"36035","New York",24041.583,2011
"36039","New York",57573.6563288719,2011
"36041","New York",5034.10166666667,2011
"36043","New York",5593.75745454545,2011
"36047","New York",73402.8655769231,2011
"36057","New York",16949.124822335,2011
"36059","New York",54322.7353927813,2011
"36061","New York",131605.006849315,2011
"36071","New York",31647.3808816121,2011
"36077","New York",11636.59,2011
"36079","New York",31814.9121481481,2011
"36081","New York",50756.1762121212,2011
"36083","New York",31264.2017966102,2011
"36085","New York",20784.1374193548,2011
"36087","New York",29109.5141463415,2011
"36091","New York",11150.4332894737,2011
"36093","New York",23951.9109090909,2011
"36095","New York",128789.674909366,2011
"36103","New York",50023.7982284382,2011
"36105","New York",22790.6369465649,2011
"36111","New York",32978.1621483771,2011
"36113","New York",26497.2916190476,2011
"36115","New York",9581.42850393701,2011
"36119","New York",25040.0955298651,2011
"37013","North Carolina",30235.4577876106,2011
"37015","North Carolina",5033.42903225806,2011
"37019","North Carolina",59416.264893617,2011
"37029","North Carolina",2845.832,2011
"37031","North Carolina",86902.0647191011,2011
"37041","North Carolina",12795.8948,2011
"37047","North Carolina",5031.558125,2011
"37049","North Carolina",47031.3224761905,2011
"37053","North Carolina",35910.6427272727,2011
"37055","North Carolina",72419.8386746988,2011
"37061","North Carolina",9939.32925925926,2011
"37065","North Carolina",54568.1586666667,2011
"37073","North Carolina",2128.908,2011
"37079","North Carolina",17682.0258823529,2011
"37083","North Carolina",31622.1295744681,2011
"37091","North Carolina",11403.1833333333,2011
"37095","North Carolina",125813.163125,2011
"37101","North Carolina",7708.12181818182,2011
"37103","North Carolina",13415.91875,2011
"37107","North Carolina",51039.0277941176,2011
"37117","North Carolina",27757.5644680851,2011
"37127","North Carolina",55489.9734177215,2011
"37129","North Carolina",32929.7655102041,2011
"37131","North Carolina",9206.76608695652,2011
"37133","North Carolina",35849.9432653061,2011
"37137","North Carolina",38721.8645762712,2011
"37139","North Carolina",17615.9248148148,2011
"37141","North Carolina",312215.904444444,2011
"37143","North Carolina",5227.894,2011
"37147","North Carolina",42072.8957142857,2011
"37163","North Carolina",6761.98625,2011
"37177","North Carolina",18210.6912195122,2011
"37181","North Carolina",10346.21,2011
"37185","North Carolina",5541.36,2011
"37187","North Carolina",10026.515,2011
"37191","North Carolina",22267.0632352941,2011
"37195","North Carolina",65621.6888,2011
"42017","Pennsylvania",7155.39801282051,2011
"42029","Pennsylvania",6545.56262626263,2011
"42045","Pennsylvania",7072.40969135802,2011
"42077","Pennsylvania",13789.5293181818,2011
"42079","Pennsylvania",10551.9313385827,2011
"42089","Pennsylvania",6185.84987951807,2011
"42091","Pennsylvania",14812.5715846995,2011
"42095","Pennsylvania",12365.9629090909,2011
"42101","Pennsylvania",13675.7,2011
"42103","Pennsylvania",7374.43176470588,2011
"42113","Pennsylvania",6197.29235294118,2011
"42115","Pennsylvania",5949.519,2011
"42127","Pennsylvania",2728.56269230769,2011
"42131","Pennsylvania",22077.1271428571,2011
"44001","Rhode Island",29288.0254545455,2011
"44003","Rhode Island",37842.4503333333,2011
"44005","Rhode Island",21639.8539130435,2011
"44007","Rhode Island",41341.1316666667,2011
"44009","Rhode Island",13548.3673076923,2011
"50001","Vermont",37407.9697938144,2011
"50003","Vermont",42291.6619333333,2011
"50005","Vermont",28033.773625,2011
"50007","Vermont",14654.5526666667,2011
"50009","Vermont",26098.6,2011
"50011","Vermont",12536.4245833333,2011
"50015","Vermont",32006.4914583333,2011
"50017","Vermont",36883.8510191083,2011
"50019","Vermont",25610.4681333333,2011
"50021","Vermont",33174.0328610354,2011
"50023","Vermont",35330.5202713178,2011
"50025","Vermont",41045.6602575107,2011
"50027","Vermont",48365.9435287611,2011
"51001","Virginia",10626.3916666667,2011
"51025","Virginia",5321.15148148148,2011
"51033","Virginia",2627.506,2011
"51036","Virginia",9886.59571428571,2011
"51041","Virginia",57378.02375,2011
"51053","Virginia",9578.7275,2011
"51057","Virginia",10558.365,2011
"51073","Virginia",12251.64,2011
"51081","Virginia",7036.44083333333,2011
"51085","Virginia",16398.7,2011
"51087","Virginia",183502.962857143,2011
"51093","Virginia",11407.0933333333,2011
"51095","Virginia",131376.086875,2011
"51097","Virginia",4772.081,2011
"51099","Virginia",10658.8033333333,2011
"51101","Virginia",8120.80375,2011
"51103","Virginia",6822.1475,2011
"51109","Virginia",5461.935,2011
"51111","Virginia",1383.69166666667,2011
"51115","Virginia",9343.29333333333,2011
"51117","Virginia",58334.69,2011
"51119","Virginia",4888.57142857143,2011
"51127","Virginia",64587.0930769231,2011
"51131","Virginia",8321.41777777778,2011
"51133","Virginia",12697.5342857143,2011
"51135","Virginia",3172.35142857143,2011
"51145","Virginia",1727.77666666667,2011
"51149","Virginia",11618.3724242424,2011
"51159","Virginia",13565.0842857143,2011
"51175","Virginia",5247.5244,2011
"51181","Virginia",6107.27727272727,2011
"51183","Virginia",5256.90666666667,2011
"51193","Virginia",9535.74631578947,2011
"51199","Virginia",130792.797777778,2011
"51510","Virginia",22513.4535714286,2011
"51550","Virginia",73568.3877777778,2011
"51570","Virginia",68717.85,2011
"51595","Virginia",27248.7785714286,2011
"51620","Virginia",18806.6973333333,2011
"51650","Virginia",19913.5821052632,2011
"51670","Virginia",13403.5483333333,2011
"51700","Virginia",49911.480625,2011
"51710","Virginia",57777.696744186,2011
"51730","Virginia",17079.0925,2011
"51735","Virginia",22891.33375,2011
"51740","Virginia",28302.3040740741,2011
"51760","Virginia",115472.25,2011
"51800","Virginia",56108.1225,2011
"51810","Virginia",92102.2998039216,2011
"51830","Virginia",38562.68,2011
"72001","Puerto Rico",32595.387,2011
"72003","Puerto Rico",21811.1115384615,2011
"72007","Puerto Rico",23982.9368421053,2011
"72009","Puerto Rico",12005.5366666667,2011
"72011","Puerto Rico",14936.2419047619,2011
"72015","Puerto Rico",19122.0825,2011
"72019","Puerto Rico",34398.1833333333,2011
"72021","Puerto Rico",30567.107,2011
"72025","Puerto Rico",72500.7238888889,2011
"72027","Puerto Rico",4072.1,2011
"72029","Puerto Rico",54602.41,2011
"72031","Puerto Rico",21165.2930555556,2011
"72033","Puerto Rico",5530.015,2011
"72035","Puerto Rico",80200.3296551724,2011
"72037","Puerto Rico",22099.7926666667,2011
"72039","Puerto Rico",24889.0216666667,2011
"72041","Puerto Rico",24992.9067924528,2011
"72043","Puerto Rico",12831.6296551724,2011
"72045","Puerto Rico",37382.725,2011
"72047","Puerto Rico",15870.944,2011
"72049","Puerto Rico",12887.3133333333,2011
"72053","Puerto Rico",17196.4805263158,2011
"72055","Puerto Rico",4105.91,2011
"72057","Puerto Rico",27398.495,2011
"72061","Puerto Rico",77058.0523076923,2011
"72063","Puerto Rico",30418.5604878049,2011
"72067","Puerto Rico",5684.87,2011
"72069","Puerto Rico",36634.9142857143,2011
"72071","Puerto Rico",2812.97,2011
"72073","Puerto Rico",35475.9046236559,2011
"72075","Puerto Rico",8001.7275,2011
"72077","Puerto Rico",38413.8123076923,2011
"72083","Puerto Rico",28807.652,2011
"72085","Puerto Rico",26637.7011111111,2011
"72087","Puerto Rico",20216.7175,2011
"72089","Puerto Rico",65153.56,2011
"72091","Puerto Rico",21497.25,2011
"72093","Puerto Rico",30442.0666666667,2011
"72095","Puerto Rico",9987.85266666667,2011
"72097","Puerto Rico",8979.26,2011
"72101","Puerto Rico",25813.929,2011
"72103","Puerto Rico",94343.7816666667,2011
"72105","Puerto Rico",43722.876,2011
"72107","Puerto Rico",18519.5452,2011
"72109","Puerto Rico",21556.0232142857,2011
"72111","Puerto Rico",18811.2414285714,2011
"72115","Puerto Rico",9249.95,2011
"72117","Puerto Rico",121053,2011
"72119","Puerto Rico",17029.612,2011
"72121","Puerto Rico",9747.13333333333,2011
"72123","Puerto Rico",12860.0445454545,2011
"72127","Puerto Rico",20174.4308333333,2011
"72129","Puerto Rico",32689.5476190476,2011
"72133","Puerto Rico",30674.662,2011
"72135","Puerto Rico",27371.76,2011
"72137","Puerto Rico",12931.665,2011
"72139","Puerto Rico",23169.0933333333,2011
"72141","Puerto Rico",17726.3897777778,2011
"72145","Puerto Rico",14332.0766666667,2011
"72147","Puerto Rico",37355.2276923077,2011
"72149","Puerto Rico",109706.862222222,2011
"72151","Puerto Rico",15479.8551219512,2011
"72153","Puerto Rico",18379.2484615385,2011
"01003","Alabama",73775.3325,2012
"01039","Alabama",98696.11,2012
"01047","Alabama",23753.0269230769,2012
"01061","Alabama",42215.4563636364,2012
"01097","Alabama",29118.2091666667,2012
"01099","Alabama",21148.28,2012
"01105","Alabama",15265.1133333333,2012
"01107","Alabama",9007.06882352941,2012
"09001","Connecticut",141229.909605911,2012
"09003","Connecticut",4614.7,2012
"09005","Connecticut",14131.6932432432,2012
"09007","Connecticut",54780.515974026,2012
"09009","Connecticut",77557.5620754717,2012
"09011","Connecticut",57260.6120175439,2012
"09013","Connecticut",12548.7379411765,2012
"09015","Connecticut",10753.1075,2012
"10001","Delaware",21296.0521428571,2012
"10003","Delaware",24070.2741666667,2012
"10005","Delaware",10151.8988372093,2012
"11001","District of Columbia",115548.546296296,2012
"12005","Florida",9805.87333333333,2012
"12021","Florida",18115.452,2012
"12033","Florida",321516.818888889,2012
"12037","Florida",2016.185,2012
"12045","Florida",10566.405,2012
"12085","Florida",450512.7575,2012
"12087","Florida",25660.0465625,2012
"12091","Florida",11766.2533333333,2012
"12099","Florida",50174.2288888889,2012
"12111","Florida",13288.1134285714,2012
"12113","Florida",75139.925,2012
"22001","Louisiana",2325.72,2012
"22003","Louisiana",3846.95,2012
"22005","Louisiana",86650.8247368421,2012
"22007","Louisiana",11421.0822222222,2012
"22009","Louisiana",10589.4571428571,2012
"22015","Louisiana",9142.41,2012
"22021","Louisiana",19808.36,2012
"22023","Louisiana",1878.08,2012
"22025","Louisiana",2204.17333333333,2012
"22029","Louisiana",6968.255,2012
"22033","Louisiana",193350.568,2012
"22037","Louisiana",18352.8115384615,2012
"22039","Louisiana",13783.888,2012
"22041","Louisiana",10015.4633333333,2012
"22045","Louisiana",15536.749,2012
"22047","Louisiana",85286.3784615385,2012
"22049","Louisiana",1016.78,2012
"22051","Louisiana",169648.671833333,2012
"22055","Louisiana",40716.8158333333,2012
"22057","Louisiana",115377.01627451,2012
"22059","Louisiana",10855.16,2012
"22061","Louisiana",4143.202,2012
"22063","Louisiana",57573.2658974359,2012
"22067","Louisiana",18154.035,2012
"22069","Louisiana",3215.82,2012
"22071","Louisiana",262922.40025641,2012
"22073","Louisiana",65941.6228571429,2012
"22075","Louisiana",1143541.58586207,2012
"22077","Louisiana",27134.4608333333,2012
"22079","Louisiana",85727.86,2012
"22083","Louisiana",3190.63,2012
"22087","Louisiana",79087.93,2012
"22089","Louisiana",178309.175384615,2012
"22091","Louisiana",16427.2772727273,2012
"22093","Louisiana",30390.995862069,2012
"22095","Louisiana",852312.681206897,2012
"22097","Louisiana",10644.1810526316,2012
"22099","Louisiana",21819.546,2012
"22101","Louisiana",41267.5942105263,2012
"22103","Louisiana",90828.6056097561,2012
"22105","Louisiana",34572.2960377358,2012
"22109","Louisiana",76292.804,2012
"22111","Louisiana",1508.83,2012
"22113","Louisiana",43159.2342857143,2012
"22117","Louisiana",25525.4663636364,2012
"22121","Louisiana",30043.1814285714,2012
"22125","Louisiana",14001.35125,2012
"24001","Maryland",13522.2881818182,2012
"24003","Maryland",32399.8858333333,2012
"24005","Maryland",25954.6028125,2012
"24009","Maryland",32349.3977777778,2012
"24011","Maryland",18352.6926666667,2012
"24013","Maryland",33949.2073333333,2012
"24015","Maryland",9221.05285714286,2012
"24017","Maryland",30495.3175,2012
"24019","Maryland",12353.9913636364,2012
"24021","Maryland",43345.8072727273,2012
"24023","Maryland",32901.46025,2012
"24025","Maryland",24185.9447169811,2012
"24027","Maryland",34623.15,2012
"24029","Maryland",7571.7975,2012
"24031","Maryland",122493.932,2012
"24033","Maryland",68685.5985714286,2012
"24035","Maryland",14483.19875,2012
"24037","Maryland",25897.7658333333,2012
"24039","Maryland",68208.555,2012
"24041","Maryland",8616.37708333333,2012
"24043","Maryland",22521.3,2012
"24045","Maryland",14663.7782857143,2012
"24047","Maryland",40428.0111538461,2012
"24510","Maryland",88451.1867647059,2012
"25001","Massachusetts",16551.7850819672,2012
"25005","Massachusetts",15850.4881927711,2012
"25007","Massachusetts",23288.3430434783,2012
"25019","Massachusetts",7674.5175,2012
"25023","Massachusetts",19117.2453333333,2012
"25025","Massachusetts",102039.3045,2012
"28001","Mississippi",22569.732,2012
"28005","Mississippi",16665.4633333333,2012
"28021","Mississippi",34018.984,2012
"28023","Mississippi",9213.72208333333,2012
"28029","Mississippi",6395.59823529412,2012
"28031","Mississippi",10663.9872727273,2012
"28035","Mississippi",11408.5788888889,2012
"28037","Mississippi",4895.95285714286,2012
"28039","Mississippi",28701.65875,2012
"28041","Mississippi",11849.3446153846,2012
"28045","Mississippi",51770.2509836066,2012
"28047","Mississippi",69717.684173913,2012
"28049","Mississippi",23113.685,2012
"28051","Mississippi",9000,2012
"28059","Mississippi",82488.4290476191,2012
"28063","Mississippi",9736.74,2012
"28065","Mississippi",2342.605,2012
"28067","Mississippi",3110.95461538462,2012
"28073","Mississippi",17499.0529166667,2012
"28075","Mississippi",6945.5225,2012
"28077","Mississippi",9402.319,2012
"28085","Mississippi",66790.854,2012
"28091","Mississippi",13160.5659090909,2012
"28099","Mississippi",4165.26,2012
"28101","Mississippi",14995.098,2012
"28109","Mississippi",26185.6158823529,2012
"28111","Mississippi",4231.5225,2012
"28113","Mississippi",19277.3505555556,2012
"28123","Mississippi",5035.755,2012
"28131","Mississippi",10956.13,2012
"28147","Mississippi",10608.8323076923,2012
"28149","Mississippi",15929.8575,2012
"28153","Mississippi",15595.652,2012
"28157","Mississippi",28282.3785714286,2012
"33001","New Hampshire",5006.982,2012
"33003","New Hampshire",3504.495,2012
"33005","New Hampshire",8435.005,2012
"33007","New Hampshire",6272.99875,2012
"33009","New Hampshire",76374.2705263158,2012
"33011","New Hampshire",10512.4658823529,2012
"33013","New Hampshire",5404.95,2012
"33015","New Hampshire",7524.58340425532,2012
"33017","New Hampshire",14209.9485714286,2012
"33019","New Hampshire",4033.51,2012
"34001","New Jersey",181873.05796875,2012
"34003","New Jersey",138092.261680328,2012
"34005","New Jersey",28477.6776878613,2012
"34007","New Jersey",18701.0589189189,2012
"34009","New Jersey",153638.333333333,2012
"34011","New Jersey",75213.2926666667,2012
"34013","New Jersey",135914.624171429,2012
"34015","New Jersey",16755.8990566038,2012
"34017","New Jersey",342059.153708333,2012
"34019","New Jersey",72181.9867567568,2012
"34021","New Jersey",81100.7962758621,2012
"34023","New Jersey",441105.456285714,2012
"34025","New Jersey",363635.86812749,2012
"34027","New Jersey",71913.4257358491,2012
"34029","New Jersey",400961.782666667,2012
"34031","New Jersey",61261.0713333333,2012
"34033","New Jersey",36965.9696296296,2012
"34035","New Jersey",78830.3681818182,2012
"34037","New Jersey",41456.6002439024,2012
"34039","New Jersey",149368.334696133,2012
"34041","New Jersey",21531.4739285714,2012
"36005","New York",207158.595365854,2012
"36039","New York",27497.7877777778,2012
"36047","New York",639433.566789668,2012
"36059","New York",1399479.53511364,2012
"36061","New York",11637538.0468617,2012
"36071","New York",37301.8597087379,2012
"36079","New York",41421.6388,2012
"36081","New York",5118763.1089372,2012
"36085","New York",159774.460882353,2012
"36087","New York",128643.115434783,2012
"36103","New York",252942.982672634,2012
"36105","New York",19498.5421818182,2012
"36111","New York",85442.642,2012
"36119","New York",264124.465039164,2012
"44001","Rhode Island",13346.2203571429,2012
"44003","Rhode Island",18193.6237037037,2012
"44005","Rhode Island",29294.78875,2012
"44009","Rhode Island",32717.9853968254,2012
"51001","Virginia",39008.8146875,2012
"51013","Virginia",163634.516666667,2012
"51061","Virginia",5276.53555555556,2012
"51069","Virginia",1524.11,2012
"51079","Virginia",990.29,2012
"51091","Virginia",1031.92,2012
"51107","Virginia",22592.43625,2012
"51119","Virginia",5734.41,2012
"51127","Virginia",6936.165,2012
"51131","Virginia",44930.6014285714,2012
"51133","Virginia",9542.78,2012
"51153","Virginia",22591.86,2012
"51171","Virginia",17261.62,2012
"51181","Virginia",7313.965,2012
"51600","Virginia",31801.5925,2012
"51610","Virginia",16480.5833333333,2012
"51683","Virginia",13352.01,2012
"51700","Virginia",343356.75,2012
"54001","West Virginia",11925.9625,2012
"54005","West Virginia",4216.51,2012
"54007","West Virginia",2812.31,2012
"54015","West Virginia",4442.41333333333,2012
"54019","West Virginia",7162.6275,2012
"54023","West Virginia",5000.19666666667,2012
"54025","West Virginia",2322.475,2012
"54039","West Virginia",19452.9166666667,2012
"54041","West Virginia",4594.69,2012
"54067","West Virginia",13416.536,2012
"54071","West Virginia",2319.4025,2012
"54075","West Virginia",8864.625,2012
"54077","West Virginia",13151.2582352941,2012
"54081","West Virginia",12063.53375,2012
"54083","West Virginia",9286.955,2012
"54093","West Virginia",6035.38842105263,2012
"54097","West Virginia",6360.49090909091,2012
"54101","West Virginia",6295.9025,2012
"54109","West Virginia",5837.982,2012
"39007","Ohio",30194.805,2013
"39035","Ohio",78980.7073376623,2013
"42009","Pennsylvania",9948.68666666667,2013
"42017","Pennsylvania",19931.4355555556,2013
"42023","Pennsylvania",2968.3875,2013
"42043","Pennsylvania",10536.3147058824,2013
"42055","Pennsylvania",13230.2936363636,2013
"42057","Pennsylvania",2534.26166666667,2013
"42067","Pennsylvania",2258.89111111111,2013
"42089","Pennsylvania",11069.4085714286,2013
"42091","Pennsylvania",17338.5833082707,2013
"42095","Pennsylvania",14254.5488311688,2013
"42101","Pennsylvania",42955.9,2013
"42103","Pennsylvania",8973.842,2013
"42105","Pennsylvania",4192.87692307692,2013
"42111","Pennsylvania",26883.7885714286,2013
"42113","Pennsylvania",27658.61,2013
"42131","Pennsylvania",1707.24333333333,2013
"12001","Florida",35445.5475,2016
"12003","Florida",9247.55,2016
"12007","Florida",22728.3416666667,2016
"12009","Florida",273291.29372549,2016
"12011","Florida",111854.403958333,2016
"12017","Florida",43755.064,2016
"12019","Florida",88763.942962963,2016
"12023","Florida",71773.73,2016
"12029","Florida",84987.8432142857,2016
"12031","Florida",559745.393793103,2016
"12035","Florida",328912.615,2016
"12037","Florida",43620.5823529412,2016
"12039","Florida",4354.5325,2016
"12053","Florida",33279.9736363636,2016
"12061","Florida",161120.2824,2016
"12065","Florida",9834.36636363636,2016
"12067","Florida",9455.56,2016
"12069","Florida",22467.5966666667,2016
"12073","Florida",602721.349354839,2016
"12075","Florida",26960.1221875,2016
"12077","Florida",5847.895,2016
"12079","Florida",33233.92,2016
"12081","Florida",162159.0695,2016
"12083","Florida",43609.112,2016
"12085","Florida",569237.9004,2016
"12089","Florida",321556.919473684,2016
"12095","Florida",136965.801764706,2016
"12097","Florida",59387.765,2016
"12099","Florida",183084.39,2016
"12101","Florida",54857.2585714286,2016
"12103","Florida",57968.711641791,2016
"12107","Florida",71794.9807692308,2016
"12109","Florida",660895.941348315,2016
"12111","Florida",234403.074848485,2016
"12115","Florida",361263.756,2016
"12117","Florida",90988.4024324324,2016
"12121","Florida",37796.9771428571,2016
"12123","Florida",106132.9464,2016
"12125","Florida",7143.44,2016
"12127","Florida",304566.533944444,2016
"12129","Florida",29845.7718181818,2016
"13025","Georgia",51232.0918181818,2016
"13029","Georgia",71065.2668421053,2016
"13031","Georgia",153199.696666667,2016
"13039","Georgia",33399.4513636364,2016
"13043","Georgia",24719.7288888889,2016
"13051","Georgia",380469.98496124,2016
"13103","Georgia",42687.1757142857,2016
"13109","Georgia",28241.13,2016
"13127","Georgia",298424.722972973,2016
"13165","Georgia",6918.43333333333,2016
"13179","Georgia",128382.980689655,2016
"13183","Georgia",25084.4677777778,2016
"13191","Georgia",119096.95047619,2016
"13229","Georgia",17849.8714285714,2016
"13251","Georgia",49391.1071428571,2016
"13267","Georgia",39566.6153333333,2016
"13279","Georgia",6478.16,2016
"13299","Georgia",23171.2883333333,2016
"13305","Georgia",35979.295625,2016
"37007","North Carolina",64984.4028571429,2016
"37013","North Carolina",27050.8317857143,2016
"37015","North Carolina",38542.8265217391,2016
"37017","North Carolina",39963.3652777778,2016
"37019","North Carolina",264908.475135135,2016
"37029","North Carolina",16420.17,2016
"37031","North Carolina",20851.24,2016
"37037","North Carolina",14022.1736363636,2016
"37041","North Carolina",50315.901,2016
"37047","North Carolina",41597.7710294118,2016
"37049","North Carolina",32302.9066666667,2016
"37051","North Carolina",169411.915294118,2016
"37053","North Carolina",24257.0457142857,2016
"37055","North Carolina",314769.005918367,2016
"37061","North Carolina",26558.7311320755,2016
"37065","North Carolina",76173.9936956522,2016
"37069","North Carolina",9812.268,2016
"37073","North Carolina",26995.688,2016
"37079","North Carolina",50178.4761538462,2016
"37083","North Carolina",14532.61,2016
"37085","North Carolina",77105.1786206897,2016
"37091","North Carolina",28578.234,2016
"37093","North Carolina",63036.4633333333,2016
"37095","North Carolina",132769.043333333,2016
"37101","North Carolina",119083.951590909,2016
"37103","North Carolina",20023.905,2016
"37105","North Carolina",106945.942307692,2016
"37107","North Carolina",86455.1872222222,2016
"37117","North Carolina",15575.7928571429,2016
"37123","North Carolina",181759.48,2016
"37125","North Carolina",50638.993125,2016
"37127","North Carolina",24084.6763333333,2016
"37129","North Carolina",138965.498148148,2016
"37131","North Carolina",8314.58666666667,2016
"37133","North Carolina",390575.415555556,2016
"37137","North Carolina",17717.7,2016
"37139","North Carolina",28620.58,2016
"37141","North Carolina",601845.679411765,2016
"37143","North Carolina",22969.222,2016
"37147","North Carolina",43406.5907936508,2016
"37153","North Carolina",12589.624,2016
"37155","North Carolina",192722.518455882,2016
"37163","North Carolina",32716.8374,2016
"37165","North Carolina",80005.611875,2016
"37177","North Carolina",10728.2284615385,2016
"37183","North Carolina",62591.9774666667,2016
"37187","North Carolina",11403.5492307692,2016
"37191","North Carolina",78912.738255814,2016
"37195","North Carolina",88841.0564516129,2016
"45003","South Carolina",101665.865,2016
"45005","South Carolina",13787.6977777778,2016
"45009","South Carolina",71254.8218181818,2016
"45011","South Carolina",14395.9757142857,2016
"45013","South Carolina",790910.826813187,2016
"45015","South Carolina",398549.905111111,2016
"45017","South Carolina",8214.295,2016
"45019","South Carolina",195381.255533981,2016
"45025","South Carolina",40811.9207142857,2016
"45027","South Carolina",14161.4213333333,2016
"45029","South Carolina",159968.438666667,2016
"45031","South Carolina",159315.526956522,2016
"45033","South Carolina",39012.2286666667,2016
"45035","South Carolina",82030.9911764706,2016
"45041","South Carolina",81152.3022222222,2016
"45043","South Carolina",70298.5181578947,2016
"45049","South Carolina",62514.5733333333,2016
"45051","South Carolina",233607.479223301,2016
"45053","South Carolina",172013.985714286,2016
"45055","South Carolina",22998.79,2016
"45061","South Carolina",20337.2154545455,2016
"45067","South Carolina",28186.6097560976,2016
"45069","South Carolina",51695.397,2016
"45075","South Carolina",93478.9612,2016
"45077","South Carolina",56310.6583333333,2016
"45079","South Carolina",59971.8333333333,2016
"45085","South Carolina",52907.8526315789,2016
"45089","South Carolina",123104.830714286,2016
"51093","Virginia",56465.87,2016
"51550","Virginia",151116.341111111,2016
"51620","Virginia",23845.465,2016
"51650","Virginia",80013.493125,2016
"51710","Virginia",122967.985,2016
"51740","Virginia",142870.951333333,2016
"51800","Virginia",74279.3511111111,2016
"51810","Virginia",249940.175357143,2016
"01001","Alabama",5261.89,2017
"01003","Alabama",48408.4690909091,2017
"01005","Alabama",8264.99,2017
"01015","Alabama",3580.175,2017
"01017","Alabama",11062.82,2017
"01025","Alabama",4134.45333333333,2017
"01031","Alabama",7340.325,2017
"01035","Alabama",2549.38,2017
"01045","Alabama",15057.24,2017
"01047","Alabama",3236.42,2017
"01051","Alabama",7074.61,2017
"01067","Alabama",5445.98,2017
"01069","Alabama",20602.8966666667,2017
"01073","Alabama",4061.3,2017
"01081","Alabama",6808.7325,2017
"01087","Alabama",7252.09,2017
"01089","Alabama",4920.93,2017
"01097","Alabama",97621.9865853659,2017
"01101","Alabama",18725.99,2017
"01113","Alabama",15132.6933333333,2017
"01123","Alabama",1514.8,2017
"01129","Alabama",12634.14,2017
"12001","Florida",149281.065866667,2017
"12003","Florida",46203.3803703704,2017
"12005","Florida",17997.515,2017
"12007","Florida",50596.8754166667,2017
"12009","Florida",151040.938428571,2017
"12011","Florida",290526.993076923,2017
"12013","Florida",14629.83,2017
"12015","Florida",751369.023673469,2017
"12017","Florida",135280.1308,2017
"12019","Florida",124113.010121951,2017
"12021","Florida",294243.653726027,2017
"12023","Florida",75815.8558333333,2017
"12027","Florida",125497.969047619,2017
"12029","Florida",33776.2291666667,2017
"12031","Florida",434863.465698324,2017
"12033","Florida",64053.26,2017
"12035","Florida",111564.048780488,2017
"12037","Florida",25968.81,2017
"12039","Florida",61475.955,2017
"12041","Florida",24553.874,2017
"12043","Florida",46332.8159259259,2017
"12045","Florida",38365.05,2017
"12047","Florida",43532.858,2017
"12049","Florida",143583.662678571,2017
"12051","Florida",99905.4978125,2017
"12053","Florida",144860.0952,2017
"12055","Florida",158437.543269231,2017
"12057","Florida",329873.210543478,2017
"12059","Florida",12619.08,2017
"12061","Florida",133771.097042254,2017
"12063","Florida",13202.935,2017
"12065","Florida",22198.1433333333,2017
"12067","Florida",10626.5127272727,2017
"12069","Florida",118872.817405063,2017
"12071","Florida",314999.513170732,2017
"12073","Florida",296314.048823529,2017
"12075","Florida",31783.1075,2017
"12077","Florida",14934.1366666667,2017
"12079","Florida",26567.981,2017
"12081","Florida",227353.756442308,2017
"12083","Florida",374119.462528736,2017
"12085","Florida",306061.314,2017
"12086","Florida",320204.039742883,2017
"12087","Florida",476080.710174825,2017
"12089","Florida",233866.825116279,2017
"12091","Florida",23244.5,2017
"12093","Florida",77511.9146153846,2017
"12095","Florida",138270.100649351,2017
"12097","Florida",188380.380416667,2017
"12099","Florida",318352.639789474,2017
"12101","Florida",296876.934871795,2017
"12103","Florida",207363.091004184,2017
"12105","Florida",178467.445456919,2017
"12107","Florida",149816.824333333,2017
"12109","Florida",222662.3639,2017
"12111","Florida",206497.351818182,2017
"12113","Florida",7086.035,2017
"12115","Florida",130533.034393939,2017
"12117","Florida",269785.944159292,2017
"12119","Florida",49268.15325,2017
"12121","Florida",41285.0339130435,2017
"12123","Florida",27413.6823076923,2017
"12125","Florida",14377.1533333333,2017
"12127","Florida",135859.233610224,2017
"12129","Florida",17128.07,2017
"12131","Florida",34387.21,2017
"12133","Florida",16657.5,2017
"13001","Georgia",43321.1088888889,2017
"13003","Georgia",5985.3975,2017
"13005","Georgia",38780.07,2017
"13007","Georgia",8962.604,2017
"13009","Georgia",27750.1186666667,2017
"13011","Georgia",132209.9725,2017
"13013","Georgia",13543.3318181818,2017
"13017","Georgia",26689.9841666667,2017
"13019","Georgia",27002.798,2017
"13021","Georgia",124404.9305,2017
"13023","Georgia",9964.97444444444,2017
"13025","Georgia",37369.9033333333,2017
"13027","Georgia",25307.5473333333,2017
"13029","Georgia",37833.6727272727,2017
"13031","Georgia",98590.8809090909,2017
"13033","Georgia",18374.2,2017
"13035","Georgia",16920.1755555556,2017
"13039","Georgia",61163.159,2017
"13043","Georgia",17137.1233333333,2017
"13045","Georgia",18303.1771428571,2017
"13049","Georgia",38910.625625,2017
"13051","Georgia",93377.4662318841,2017
"13053","Georgia",16430.25,2017
"13057","Georgia",26865.57,2017
"13059","Georgia",64547.0314285714,2017
"13061","Georgia",3785.47166666667,2017
"13063","Georgia",38768.282,2017
"13065","Georgia",19883.3042857143,2017
"13067","Georgia",6687.68,2017
"13069","Georgia",16822.321,2017
"13071","Georgia",28070.5426666667,2017
"13073","Georgia",26882.7144444444,2017
"13075","Georgia",26187.81375,2017
"13077","Georgia",32266.89375,2017
"13079","Georgia",4914.90333333333,2017
"13081","Georgia",31427.2307142857,2017
"13085","Georgia",33838.39,2017
"13087","Georgia",29921.2228571429,2017
"13089","Georgia",102311.275384615,2017
"13091","Georgia",78150.2875,2017
"13093","Georgia",5135.77,2017
"13095","Georgia",55494.9192307692,2017
"13097","Georgia",13432.39,2017
"13099","Georgia",14167.275,2017
"13101","Georgia",22250.814,2017
"13103","Georgia",16756.1076470588,2017
"13105","Georgia",24611.67,2017
"13107","Georgia",32375.9293333333,2017
"13109","Georgia",15565.4846153846,2017
"13113","Georgia",29306.1655555556,2017
"13117","Georgia",37137.4775,2017
"13119","Georgia",7643.62083333333,2017
"13121","Georgia",36731.9831818182,2017
"13123","Georgia",8665.6525,2017
"13125","Georgia",9612.445,2017
"13127","Georgia",233677.662833333,2017
"13129","Georgia",18235.615,2017
"13131","Georgia",17816.189,2017
"13133","Georgia",8082.43142857143,2017
"13135","Georgia",55506.5571794872,2017
"13137","Georgia",27313.18,2017
"13139","Georgia",62859.2546666667,2017
"13141","Georgia",27302.6733333333,2017
"13143","Georgia",43550.062,2017
"13145","Georgia",35103.45,2017
"13147","Georgia",20642.9557142857,2017
"13151","Georgia",44907.885,2017
"13153","Georgia",38437.0263636364,2017
"13155","Georgia",19666.7933333333,2017
"13157","Georgia",24032.5045454545,2017
"13159","Georgia",30045.3075,2017
"13163","Georgia",11029.7346153846,2017
"13165","Georgia",16837.77,2017
"13167","Georgia",17014.625,2017
"13169","Georgia",15727.114,2017
"13171","Georgia",15067.2355555556,2017
"13173","Georgia",8101.25166666667,2017
"13175","Georgia",34831.2758823529,2017
"13177","Georgia",14664.5783333333,2017
"13179","Georgia",36880.1724,2017
"13181","Georgia",11323.3,2017
"13183","Georgia",10896.95,2017
"13185","Georgia",49391.3568965517,2017
"13187","Georgia",77032.4961538462,2017
"13189","Georgia",18204.3955555556,2017
"13191","Georgia",162246.48375,2017
"13193","Georgia",9706.12666666667,2017
"13195","Georgia",17395.18,2017
"13197","Georgia",5338.1725,2017
"13199","Georgia",4494.4025,2017
"13201","Georgia",5134.142,2017
"13205","Georgia",47420.655,2017
"13207","Georgia",11905.4566666667,2017
"13209","Georgia",5958.332,2017
"13211","Georgia",9509.55384615385,2017
"13215","Georgia",105279.5825,2017
"13217","Georgia",31500.2053846154,2017
"13219","Georgia",10160.03,2017
"13221","Georgia",6314.5625,2017
"13225","Georgia",92428.7,2017
"13227","Georgia",46001.45,2017
"13229","Georgia",40302.1930769231,2017
"13237","Georgia",90215.42,2017
"13239","Georgia",3217.668,2017
"13241","Georgia",9986.66416666667,2017
"13243","Georgia",12987.49875,2017
"13245","Georgia",97981.428,2017
"13247","Georgia",23959.716,2017
"13249","Georgia",5208.392,2017
"13251","Georgia",5424.15,2017
"13253","Georgia",109911.28,2017
"13255","Georgia",41152.5166666667,2017
"13257","Georgia",24520.032,2017
"13259","Georgia",4114.24666666667,2017
"13261","Georgia",12273.012,2017
"13263","Georgia",5020.21,2017
"13265","Georgia",4612.5,2017
"13267","Georgia",22745.7706666667,2017
"13269","Georgia",14596.598,2017
"13271","Georgia",12478.3735714286,2017
"13273","Georgia",6012.31,2017
"13275","Georgia",74130.1966666667,2017
"13277","Georgia",16859.8935294118,2017
"13279","Georgia",29461.1923529412,2017
"13283","Georgia",9310.69125,2017
"13285","Georgia",15557.808,2017
"13287","Georgia",37091.9733333333,2017
"13289","Georgia",20401.146,2017
"13291","Georgia",5617.5575,2017
"13293","Georgia",19067.4142857143,2017
"13295","Georgia",9479.656,2017
"13297","Georgia",26059.9814285714,2017
"13299","Georgia",22326.5358333333,2017
"13301","Georgia",8076.19375,2017
"13303","Georgia",20475.7914285714,2017
"13305","Georgia",80450.9877777778,2017
"13307","Georgia",4360.094,2017
"13309","Georgia",10728.61,2017
"13311","Georgia",19325.2722222222,2017
"13315","Georgia",2338.155,2017
"13317","Georgia",66242.8581818182,2017
"13319","Georgia",5830.50916666667,2017
"13321","Georgia",23488.8463157895,2017
"22001","Louisiana",5125.41,2017
"22003","Louisiana",26213.854,2017
"22007","Louisiana",25208.48,2017
"22011","Louisiana",15748.8433333333,2017
"22019","Louisiana",81516.3471428571,2017
"22023","Louisiana",30551.0077777778,2017
"22031","Louisiana",10485.855,2017
"22045","Louisiana",8439.315,2017
"22051","Louisiana",80855.0384615385,2017
"22053","Louisiana",7141.52,2017
"22055","Louisiana",25220.7,2017
"22057","Louisiana",102562.81,2017
"22063","Louisiana",5126.87,2017
"22069","Louisiana",10277.0644444444,2017
"22071","Louisiana",185997.84875,2017
"22075","Louisiana",167541.626,2017
"22079","Louisiana",12939.685,2017
"22085","Louisiana",20603.7157142857,2017
"22087","Louisiana",99334.08,2017
"22089","Louisiana",111737.4875,2017
"22093","Louisiana",9659.66,2017
"22095","Louisiana",59124.25,2017
"22101","Louisiana",15964.5166666667,2017
"22103","Louisiana",20764.0628571429,2017
"22105","Louisiana",47193.83,2017
"22109","Louisiana",21029.15,2017
"22113","Louisiana",21592.92,2017
"22115","Louisiana",11790.915,2017
"22117","Louisiana",7291.02,2017
"28039","Mississippi",8240.6525,2017
"28041","Mississippi",5398.28,2017
"28045","Mississippi",101872.2575,2017
"28047","Mississippi",35791.6174468085,2017
"28059","Mississippi",97968.3364912281,2017
"28131","Mississippi",6419.03,2017
"45001","South Carolina",11749.3675,2017
"45003","South Carolina",18806.008,2017
"45005","South Carolina",11504.51,2017
"45007","South Carolina",199620.938181818,2017
"45009","South Carolina",6153.54,2017
"45011","South Carolina",21629.83,2017
"45013","South Carolina",101884.335128205,2017
"45015","South Carolina",247382.79,2017
"45017","South Carolina",7857.68,2017
"45019","South Carolina",160055.33037037,2017
"45027","South Carolina",12539.04,2017
"45029","South Carolina",74037.0441666667,2017
"45031","South Carolina",4427.65,2017
"45033","South Carolina",31082.385,2017
"45035","South Carolina",38399.2566666667,2017
"45037","South Carolina",6531.98,2017
"45041","South Carolina",37634.18,2017
"45043","South Carolina",90464.53875,2017
"45045","South Carolina",7448.90272727273,2017
"45049","South Carolina",22891.484,2017
"45051","South Carolina",13814.8033333333,2017
"45053","South Carolina",121068.042857143,2017
"45055","South Carolina",6742.06333333333,2017
"45063","South Carolina",6316,2017
"45071","South Carolina",3111.655,2017
"45073","South Carolina",39997.0641666667,2017
"45075","South Carolina",17689,2017
"45077","South Carolina",13268.1125,2017
"45079","South Carolina",91456.72,2017
"45081","South Carolina",9500.86,2017
"45085","South Carolina",47919.905,2017
"45089","South Carolina",110195.265,2017
"48007","Texas",471826.123726708,2017
"48015","Texas",41165.0766666667,2017
"48021","Texas",48532.1129824561,2017
"48025","Texas",36876.7557692308,2017
"48039","Texas",132407.565757576,2017
"48051","Texas",23728.3114285714,2017
"48055","Texas",50408.8577777778,2017
"48057","Texas",155148.116147541,2017
"48071","Texas",81154.277755102,2017
"48089","Texas",49238.0038,2017
"48091","Texas",27147.6138461538,2017
"48123","Texas",51718.0182758621,2017
"48149","Texas",101454.2764,2017
"48157","Texas",137819.718489209,2017
"48167","Texas",163214.433915493,2017
"48175","Texas",22211.6984615385,2017
"48177","Texas",62323.4275,2017
"48185","Texas",54103.8233333333,2017
"48187","Texas",55107.5783333333,2017
"48199","Texas",441465.022966102,2017
"48201","Texas",501468.918923077,2017
"48239","Texas",97340.7695,2017
"48241","Texas",47312.6613793103,2017
"48245","Texas",327359.298722892,2017
"48249","Texas",33808.7625,2017
"48255","Texas",32231.035,2017
"48273","Texas",25184.015,2017
"48285","Texas",17436.398,2017
"48287","Texas",22098.3728571429,2017
"48291","Texas",96746.2431460674,2017
"48313","Texas",27661.15,2017
"48321","Texas",121364.54475,2017
"48331","Texas",401259.306666667,2017
"48339","Texas",125173.398917197,2017
"48351","Texas",184736.46125,2017
"48355","Texas",266841.688387097,2017
"48361","Texas",429770.176210937,2017
"48373","Texas",37843.7847619048,2017
"48391","Texas",169723.213825503,2017
"48403","Texas",31075.8759090909,2017
"48405","Texas",62085.238,2017
"48407","Texas",46001.8441025641,2017
"48409","Texas",155066.170468085,2017
"48453","Texas",258735.555,2017
"48457","Texas",34812.9276190476,2017
"48469","Texas",124907.086372549,2017
"48471","Texas",79964.7367647059,2017
"48473","Texas",69441.1042857143,2017
"48477","Texas",22608.0142857143,2017
"48481","Texas",68645.5064356436,2017
"72001","Puerto Rico",296046.823559322,2017
"72003","Puerto Rico",378651.404615385,2017
"72005","Puerto Rico",339621.3775,2017
"72007","Puerto Rico",215002.651875,2017
"72009","Puerto Rico",346480.379,2017
"72011","Puerto Rico",308166.706734694,2017
"72013","Puerto Rico",253812.752153846,2017
"72015","Puerto Rico",284800.335,2017
"72017","Puerto Rico",493269.533,2017
"72019","Puerto Rico",176329.59028169,2017
"72021","Puerto Rico",516856.695786164,2017
"72023","Puerto Rico",289555.254864865,2017
"72025","Puerto Rico",381535.688387097,2017
"72027","Puerto Rico",119517.952307692,2017
"72029","Puerto Rico",432744.137758621,2017
"72031","Puerto Rico",473152.695283019,2017
"72033","Puerto Rico",544834.091304348,2017
"72035","Puerto Rico",596259.4275,2017
"72037","Puerto Rico",765384.145,2017
"72039","Puerto Rico",189958.854901961,2017
"72041","Puerto Rico",297009.201170213,2017
"72043","Puerto Rico",410250.182152778,2017
"72045","Puerto Rico",495383.141944444,2017
"72047","Puerto Rico",362066.090344828,2017
"72049","Puerto Rico",232134.845,2017
"72051","Puerto Rico",241761.106956522,2017
"72053","Puerto Rico",255579.495517241,2017
"72054","Puerto Rico",163519.708888889,2017
"72055","Puerto Rico",390321.722857143,2017
"72057","Puerto Rico",401821.29890625,2017
"72059","Puerto Rico",574090.702571429,2017
"72061","Puerto Rico",305292.027962963,2017
"72063","Puerto Rico",426485.4645,2017
"72065","Puerto Rico",154138.643584906,2017
"72067","Puerto Rico",394724.524666667,2017
"72069","Puerto Rico",320651.283333333,2017
"72071","Puerto Rico",522646.518421053,2017
"72073","Puerto Rico",1379575.0249635,2017
"72075","Puerto Rico",242646.173780488,2017
"72077","Puerto Rico",544905.242380952,2017
"72079","Puerto Rico",574180.484166667,2017
"72081","Puerto Rico",301431.504117647,2017
"72083","Puerto Rico",1341586.63466667,2017
"72085","Puerto Rico",344169.184324324,2017
"72087","Puerto Rico",246893.015384615,2017
"72089","Puerto Rico",246405.1725,2017
"72091","Puerto Rico",510254.599230769,2017
"72093","Puerto Rico",264825.007384615,2017
"72095","Puerto Rico",419890.941136364,2017
"72097","Puerto Rico",572100.154259259,2017
"72099","Puerto Rico",125947.6516,2017
"72101","Puerto Rico",291623.468222222,2017
"72103","Puerto Rico",467018.851052632,2017
"72105","Puerto Rico",290538.508383838,2017
"72107","Puerto Rico",146321.136197917,2017
"72109","Puerto Rico",250941.970172414,2017
"72111","Puerto Rico",162522.420746269,2017
"72113","Puerto Rico",266468.004586466,2017
"72115","Puerto Rico",485484.413703704,2017
"72117","Puerto Rico",170666.462,2017
"72119","Puerto Rico",468953.168666667,2017
"72121","Puerto Rico",242605.32025641,2017
"72123","Puerto Rico",438763.98021978,2017
"72125","Puerto Rico",178550.571071429,2017
"72127","Puerto Rico",363036.763257329,2017
"72129","Puerto Rico",523446.383255814,2017
"72131","Puerto Rico",193345.5864,2017
"72133","Puerto Rico",204719.280361446,2017
"72135","Puerto Rico",238025.468461538,2017
"72137","Puerto Rico",414453.135641026,2017
"72139","Puerto Rico",342201.94,2017
"72141","Puerto Rico",163883.732028986,2017
"72143","Puerto Rico",248282.191764706,2017
"72145","Puerto Rico",360754.156,2017
"72147","Puerto Rico",2566744.522,2017
"72149","Puerto Rico",473170.516,2017
"72151","Puerto Rico",351330.539259259,2017
"72153","Puerto Rico",336489.213278688,2017
"78010","Virgin Islands of the U.S.",89911.1686363636,2017
"78020","Virgin Islands of the U.S.",7479.995,2017
"78030","Virgin Islands of the U.S.",40312.51,2017
"01045","Alabama",13902.285,2018
"01061","Alabama",37064.9973333333,2018
"01067","Alabama",37848.968,2018
"01069","Alabama",184692.1388,2018
"01097","Alabama",28783.359,2018
"12005","Florida",1329614.42548936,2018
"12013","Florida",454773.92765625,2018
"12033","Florida",74400.1666666667,2018
"12037","Florida",125396.180142857,2018
"12039","Florida",135682.17113924,2018
"12045","Florida",115486.298,2018
"12059","Florida",38691.6429032258,2018
"12063","Florida",201728.180136986,2018
"12065","Florida",15402.9506666667,2018
"12073","Florida",578655.612459016,2018
"12077","Florida",39423.62,2018
"12079","Florida",20068.22,2018
"12091","Florida",32905.82875,2018
"12121","Florida",8324.405,2018
"12123","Florida",25112.4385714286,2018
"12129","Florida",116347.131666667,2018
"12131","Florida",74789.235625,2018
"12133","Florida",1350761.00659574,2018
"13001","Georgia",5397.68,2018
"13003","Georgia",17398.96,2018
"13005","Georgia",7064.27,2018
"13007","Georgia",266113.6175,2018
"13017","Georgia",29952.52,2018
"13019","Georgia",6936.5,2018
"13023","Georgia",22431.79,2018
"13027","Georgia",33476.8533333333,2018
"13031","Georgia",13489.06,2018
"13033","Georgia",12586.6033333333,2018
"13037","Georgia",11380.177,2018
"13043","Georgia",15101.88,2018
"13051","Georgia",16802.4766666667,2018
"13061","Georgia",23639.1933333333,2018
"13069","Georgia",4616.57,2018
"13071","Georgia",72429.08,2018
"13075","Georgia",55516.15,2018
"13081","Georgia",217054.451333333,2018
"13087","Georgia",330278.108636364,2018
"13091","Georgia",76931.16,2018
"13093","Georgia",15477.3833333333,2018
"13095","Georgia",454028.676086957,2018
"13099","Georgia",45687.1157142857,2018
"13101","Georgia",3777.18,2018
"13107","Georgia",39771.9911111111,2018
"13109","Georgia",1256.49666666667,2018
"13131","Georgia",72728.2281818182,2018
"13141","Georgia",16266.1375,2018
"13153","Georgia",22565.5525,2018
"13155","Georgia",14165.2433333333,2018
"13163","Georgia",49408.39,2018
"13165","Georgia",14590.392,2018
"13167","Georgia",11701.33,2018
"13175","Georgia",47710.809375,2018
"13177","Georgia",41306.3964705882,2018
"13193","Georgia",18990.44,2018
"13197","Georgia",10926.895,2018
"13201","Georgia",35660.8109090909,2018
"13205","Georgia",88178.3153333333,2018
"13209","Georgia",3727.565,2018
"13225","Georgia",37122.736,2018
"13235","Georgia",30403.4471428571,2018
"13237","Georgia",14792.515,2018
"13239","Georgia",17561.876,2018
"13243","Georgia",27729.2585714286,2018
"13251","Georgia",5450.52,2018
"13253","Georgia",1838276.94416667,2018
"13259","Georgia",26462.942,2018
"13261","Georgia",202348.984,2018
"13271","Georgia",16641.4575,2018
"13273","Georgia",26424.3441666667,2018
"13275","Georgia",325425.081666667,2018
"13277","Georgia",52430.7175,2018
"13279","Georgia",24956.8633333333,2018
"13283","Georgia",22685.2133333333,2018
"13287","Georgia",40504.2515384615,2018
"13289","Georgia",13650.9425,2018
"13303","Georgia",14932.936,2018
"13307","Georgia",15446.995,2018
"13315","Georgia",8500.3325,2018
"13319","Georgia",6862.310625,2018
"13321","Georgia",45839.152,2018
"15001","Hawaii",347209.628064516,2018
"15007","Hawaii",98677.8005,2018
"15009","Hawaii",197780.468571429,2018
"37001","North Carolina",32215.695,2018
"37005","North Carolina",3268.285,2018
"37007","North Carolina",29492.047826087,2018
"37009","North Carolina",27758.51,2018
"37013","North Carolina",40848.7962264151,2018
"37015","North Carolina",64704.45,2018
"37017","North Carolina",137882.223617021,2018
"37019","North Carolina",191099.140941704,2018
"37025","North Carolina",35675.3385714286,2018
"37027","North Carolina",44283.355,2018
"37031","North Carolina",682100.831512605,2018
"37037","North Carolina",19997.088125,2018
"37047","North Carolina",46052.838902439,2018
"37049","North Carolina",445604.413852459,2018
"37051","North Carolina",294312.352921348,2018
"37055","North Carolina",19612.226,2018
"37057","North Carolina",20000.0605882353,2018
"37061","North Carolina",71035.0721839081,2018
"37077","North Carolina",117524.606666667,2018
"37079","North Carolina",18101.4257142857,2018
"37081","North Carolina",151020.644166667,2018
"37085","North Carolina",56179.346,2018
"37093","North Carolina",26872.882,2018
"37095","North Carolina",23186.2116666667,2018
"37101","North Carolina",36432.3275,2018
"37103","North Carolina",72614.4943478261,2018
"37105","North Carolina",140621.224375,2018
"37107","North Carolina",91073.4489361702,2018
"37111","North Carolina",52455.272,2018
"37123","North Carolina",72096.0207692308,2018
"37125","North Carolina",75140.4916666667,2018
"37129","North Carolina",335960.482375691,2018
"37133","North Carolina",210224.716907895,2018
"37135","North Carolina",26732.736,2018
"37137","North Carolina",105081.132765957,2018
"37141","North Carolina",549234.880615385,2018
"37147","North Carolina",33610.6244680851,2018
"37151","North Carolina",19680.86625,2018
"37153","North Carolina",18623.38375,2018
"37155","North Carolina",87793.2809160305,2018
"37159","North Carolina",40508.7713043478,2018
"37163","North Carolina",45989.7228571429,2018
"37165","North Carolina",126020.944393939,2018
"37167","North Carolina",103796.33,2018
"37177","North Carolina",6629.97,2018
"37179","North Carolina",28784.9332142857,2018
"37191","North Carolina",82588.2216071429,2018
"37195","North Carolina",36203.4746666667,2018
"37199","North Carolina",144598.55,2018
"45015","South Carolina",356468.98037037,2018
"45017","South Carolina",8754.18666666667,2018
"45019","South Carolina",58360.3951724138,2018
"45025","South Carolina",66317.9391836735,2018
"45027","South Carolina",29775.2133333333,2018
"45029","South Carolina",23625.99125,2018
"45031","South Carolina",51496.4448387097,2018
"45033","South Carolina",41402.1548484848,2018
"45035","South Carolina",53703.3542857143,2018
"45041","South Carolina",45116.2025,2018
"45043","South Carolina",58911.5931034483,2018
"45051","South Carolina",216480.461368421,2018
"45053","South Carolina",40177.93,2018
"45057","South Carolina",15323.635,2018
"45067","South Carolina",140067.049722222,2018
"45069","South Carolina",74162.3784,2018
"45075","South Carolina",13528.5611111111,2018
"45077","South Carolina",4660.445,2018
"45085","South Carolina",52349.9766666667,2018
"45089","South Carolina",90787.4616666667,2018
"51007","Virginia",10171.8166666667,2018
"51025","Virginia",54249.7525,2018
"51037","Virginia",7004.34625,2018
"51041","Virginia",67839.4541666667,2018
"51045","Virginia",2658.775,2018
"51049","Virginia",1639.605,2018
"51067","Virginia",11599.4194444444,2018
"51077","Virginia",3670.67666666667,2018
"51083","Virginia",15529.1284210526,2018
"51089","Virginia",43534.4533333333,2018
"51093","Virginia",18705.89,2018
"51095","Virginia",20859.4866666667,2018
"51103","Virginia",8227.525,2018
"51111","Virginia",7051.9,2018
"51117","Virginia",7333.909,2018
"51127","Virginia",29933.965,2018
"51133","Virginia",24022.5,2018
"51135","Virginia",4360.33125,2018
"51143","Virginia",294959.974444444,2018
"51145","Virginia",10749.9366666667,2018
"51147","Virginia",28460.1688888889,2018
"51155","Virginia",3107.7875,2018
"51161","Virginia",21749.7633333333,2018
"51590","Virginia",128633.565967742,2018
"51620","Virginia",6720.41,2018
"51640","Virginia",68276.4516666667,2018
"51650","Virginia",41006.0816666667,2018
"51690","Virginia",48354.1857142857,2018
"51700","Virginia",21694.818,2018
"51760","Virginia",57764.2033333333,2018
"51770","Virginia",0,2018
"60050","American Samoa",32361.01125,2018
